ID,Date
1,2024-05-28
2,2024-01-08
3,2024-04-12
4,2024-07-10
5,2024-05-28
6,2024-10-11
7,2024-02-04
8,2024-03-05
9,2023-12-28
10,2024-04-17
11,2024-07-23
12,2024-01-28
13,2024-02-05
14,2023-12-16
15,2024-05-24
16,2024-09-22
17,2024-05-08
18,2023-11-18
19,2024-02-01
20,2024-03-07
21,2024-02-15
22,2023-11-17
23,2024-06-24
24,2024-08-03
25,2023-12-29
26,2024-02-10
27,2024-06-17
28,2024-03-21
29,2024-06-26
30,2024-01-13
31,2024-09-20
32,2024-01-16
33,2023-11-25
34,2024-06-19
35,2024-04-26
36,2024-09-11
37,2023-11-04
38,2024-03-29
39,2024-03-09
40,2023-11-25
41,2024-01-13
42,2023-12-01
43,2024-06-02
44,2023-11-26
45,2024-04-11
46,2023-12-13
47,2024-04-02
48,2024-08-20
49,2024-01-25
50,2023-11-10
51,2024-01-29
52,2023-11-13
53,2024-10-25
54,2023-12-21
55,2024-03-10
56,2024-08-20
57,2024-05-04
58,2024-04-24
59,2024-09-05
60,2024-09-02
61,2024-04-27
62,2024-01-05
63,2024-09-07
64,2024-01-30
65,2024-01-25
66,2023-12-24
67,2024-05-09
68,2024-09-30
69,2024-08-27
70,2024-06-26
71,2024-06-15
72,2023-12-19
73,2024-08-03
74,2023-11-16
75,2024-03-28
76,2024-10-13
77,2023-11-19
78,2024-09-27
79,2024-08-05
80,2024-05-13
81,2023-12-17
82,2024-05-19
83,2024-10-03
84,2024-03-02
85,2024-01-30
86,2023-12-28
87,2024-05-31
88,2023-10-31
89,2024-06-01
90,2023-11-11
91,2024-01-11
92,2024-06-04
93,2023-12-08
94,2024-06-24
95,2024-09-24
96,2023-11-29
97,2024-04-02
98,2024-05-31
99,2024-06-04
100,2024-01-17
